Dataset,Split,System,Mean severity,WER,MAR,N
Common Voice,dev,Raw Qwen,1.9035087719298245,0.18844850449388537,0.743421052631579,
Common Voice,dev,Post-edit,1.803,0.19354648592898188,0.6820175438596491,456
Common Voice,dev,Unanchored Fusion,1.704,0.1688964196257551,0.5964912280701754,456
EdAcc,dev,Raw Qwen,1.3206106870229009,0.15643180349062702,0.3511450381679389,
EdAcc,dev,Post-edit,1.351,0.16483516483516483,0.3511450381679389,131
EdAcc,dev,Unanchored Fusion,1.305,0.17194570135746606,0.3435114503816794,131
English Dialects,dev,Raw Qwen,0.4982698961937716,0.04424928938101905,0.12168396770472895,
English Dialects,dev,Post-edit,0.502,0.04480081456026473,0.12975778546712802,1734
English Dialects,dev,Unanchored Fusion,0.43,0.04132196342963811,0.104959630911188,1734
Common Voice,test,Raw Qwen,1.9285714285714286,0.19285459786868786,0.7602040816326531,
Common Voice,test,Post-edit,1.801,0.19930035953745992,0.6632653061224489,196
Common Voice,test,Unanchored Fusion,1.694,0.17128235027370195,0.5714285714285714,196
EdAcc,test,Raw Qwen,1.3275862068965518,0.18673647469458987,0.3620689655172414,
EdAcc,test,Post-edit,1.241,0.19720767888307156,0.3103448275862069,58
EdAcc,test,Unanchored Fusion,1.466,0.19720767888307156,0.39655172413793105,58
English Dialects,test,Raw Qwen,0.5389784946236559,0.045749028206917175,0.135752688172043,
English Dialects,test,Post-edit,0.511,0.04614771254858965,0.12768817204301075,744
English Dialects,test,Unanchored Fusion,0.411,0.04236021130270109,0.09543010752688172,744
Shetland,full,Raw Qwen,2.42,0.12256669069935111,0.91,100
Shetland,full,Post-edit,2.39,0.12160538332131698,0.89,100
Shetland,full,Unanchored Fusion,2.23,0.09228550829127613,0.85,100
