system,dev_severity,dev_wer_pct,dev_mar_pct,test_severity,test_wer_pct,test_mar_pct
Qwen3-ASR,1.240796451715499,12.970986578851049,40.54166861680823,1.265045376697212,14.178003359006496,41.93419117739792
WhisperX,1.3078317183071875,14.780794844055356,41.19169520824346,1.362582890034026,16.123095708236274,43.61869701532819
Parakeet,1.4012204449288521,15.865846691012319,51.23555562969955,1.4028361066339772,17.622799568735168,48.02826395667648
Wav2Vec2.0,1.8340553491108669,30.384100967419748,66.82059655332367,1.949520946680489,30.720690602652063,70.02174247526226
ROVER,1.3247659559810183,13.214389619645681,46.05038022740273,1.3087333746995276,14.522397676494936,44.94664013176646
MBR Consensus,1.3164114143755012,13.64701886692979,43.136279831180296,1.3786113444265358,15.553079864217931,45.749119076625824
Selection,1.1736666666666666,13.200318351365334,37.55597871696596,1.2506666666666668,14.52625013550432,38.72310882083645
Unanchored Fusion,1.1463333333333334,12.738802813761977,34.83207697876809,1.1903333333333335,13.695008015315821,35.44701343644614
Anchored Correction,1.17,12.90393628911761,35.458864061462904,1.154,14.062016117397299,35.43269921984367
