method,dataset,spearman,p_value,n
Verbalised (confscore),commonvoice,-0.34593958810359565,1.1954133369789376e-54,1904
Verbalised (confscore),edacc,-0.3340174667363751,0.003403788943449885,75
Verbalised (confscore),english_dialects,-0.23766958118825793,8.190480230159529e-12,806
Verbalised (confscore),shetland,-0.4231124679456977,4.415210210594397e-50,1125
Verbalised (probscore),commonvoice,-0.34150838767874075,3.2342008868395395e-53,1904
Verbalised (probscore),edacc,-0.3165307365709754,0.005662371522981246,75
Verbalised (probscore),english_dialects,-0.25055849454991247,5.283839185923808e-13,806
Verbalised (probscore),shetland,-0.4124230036069405,1.9703750440398984e-47,1125
Learned proxy (confscore),commonvoice,-0.3572324047960881,2.0954335409612258e-58,1904
Learned proxy (confscore),edacc,-0.2844198276545772,0.013395267517942427,75
Learned proxy (confscore),english_dialects,-0.22745820151631643,6.430459353817695e-11,806
Learned proxy (confscore),shetland,-0.22357392090022357,3.279138427584623e-14,1125
Learned proxy (probscore),commonvoice,-0.3460971582337726,1.0620857416642574e-54,1904
Learned proxy (probscore),edacc,-0.3005737620682061,0.00878746970584545,75
Learned proxy (probscore),english_dialects,-0.22753066979855516,6.33926562809851e-11,806
Learned proxy (probscore),shetland,-0.2140641056410727,3.980628249696918e-13,1125
Cross-model mean,commonvoice,-0.2478900588284955,4.697112582235698e-28,1904
Cross-model mean,edacc,-0.34011257409252155,0.0028307940841915224,75
Cross-model mean,english_dialects,-0.24217795293467465,3.1967571123512046e-12,806
Cross-model mean,shetland,-0.29449827807624224,6.029020155043467e-24,1125
Cross-model minimum,commonvoice,-0.19110097461463768,4.0717654292367574e-17,1904
Cross-model minimum,edacc,-0.3390279321850069,0.0029259716450232894,75
Cross-model minimum,english_dialects,-0.23343563740916645,1.9475705397852965e-11,806
Cross-model minimum,shetland,-0.23971212517013094,3.628160431808874e-16,1125
Model-internal,commonvoice,-0.21806865294025182,6.258090487747987e-22,1904
Model-internal,edacc,-0.21775682911692845,0.06055316784948084,75
Model-internal,english_dialects,-0.15681070387541765,7.725022139983643e-06,806
Model-internal,shetland,-0.10551323525183813,0.0003926327060521009,1125
Verbalised (confscore),police_scotland,-0.24046066121352808,1.9342263002959853e-45,3363
Verbalised (probscore),police_scotland,-0.19264612202915363,1.7754697608675179e-29,3363
Learned proxy (confscore),police_scotland,-0.1777645097351748,2.8174084301892293e-25,3363
Learned proxy (probscore),police_scotland,-0.16982981568021757,3.507144372082517e-23,3363
Cross-model mean,police_scotland,-0.17241612731785053,7.464722364144415e-24,3363
Cross-model minimum,police_scotland,-0.13145881955883784,1.9500326244085246e-14,3363
Model-internal,police_scotland,-0.09580078371114105,2.6011470101846442e-08,3363
