set_id,presentation_order,study_id,reference,hypothesis
11,1,J188,COLD,Cold.
11,2,J007,YEAH AND THOSE THINGS YOU KNOW WHERE TO GET IT BUT LIKE YOU KNOW ONCE WE GET PAST THIS TOO SMALL <DTMF>,THE AIR AND THEY'LL SEN  NO WHERE TO GET IT BUT LIKE O AT ONCE WE GET PAST THOS TWO SMALL
11,3,J147,"Best holiday I’ve ever been on was in Finland, I went up to Finland in February, a couple of year ago to see ain of my pals, and eh, it was just the maist peaceful and relaxing- oh it was marvellous. The maist relaxing holiday I’ve ever been on. We went curling, and it turns oot I’m brilliant at curling, I think if you’re Scottish it’s in the bones aye, eh, brilliant at curling, we did loads of hiking, but difficult to hike because of the sna’ of course, eh, and then we went ice fishing, and I was sitting in the middle of this big frozen lake, minus twenty-seven degrees, ice-fishing, and I’ve never been mair at peace in my whole life.",best holiday i've ever been on was in finland i went up to finland in february a couple of years ago to see anema pals and it was just the most peaceful and relaxing oh it was marvellous the most relaxing holiday i've ever been on we went cururlin and it turns out i'm brilliant at cururlin i think if you're scottish it's in the bones eye brilliant at curlin we did loads of hiking but difficult to hike because of the snare of course and then we went ice fishing and i was sitting in the middle of this big frozen lake minus twenty seven degrees ice fishing and i've never been more at piss in my whole life
11,4,J184,"AI – what’s your thoughts? Eh, I dinna engage much with it as far as I’m aware. It’s probably one of yon things that you engage with awfu’ mair than you think you do. Um, but no, I’m no somebody who says “oh I need an answer, I’ll ask AI”. Um, I hear aboot it on the news. Eh, maks me think a lot aboot 2001: A Space Odyssey, the Stanley Kubrick film with HAL. That’s probably still as true today as it was then- made in the sixties. Um, AI, eh, isnae something- doesn't take up a huge portion of my day. Um, as I say I dinna knowingly engage with it- probably engage with it far mair though as I think I do. Um, eh, yeah, no, I dinna really have too much to say. It’s, eh, a bit boring to me. Um, hopefully no gonna take over the whole world and be the end of us a’.","AI, what's your thoughts? I didn't engage much with it, as far as I'm aware. It's probably one of the things that you engage with far more than you think you do. But no, I'm not somebody who says, ""Oh, I need an answer."" I'll ask AI. I hear about it on the news. Max, we think a lot about 2001: A Space Odyssey, the Stanley Kubrick film. That's probably still as true today as it was then, made in the '60s. AI is something that doesn't take up a huge portion of my day. As I say, I didn't knowingly engage with it. Probably engage with far more, though, as I think I do. Yeah, no, I didn't really have too much to say. It's a bit boring to me. Hopefully, no gonna take over the whole world and be the end of us all."
11,5,J020,"I like to spend money on going places, eh I think it’s probably the reason that I’m never ever going to be rich, is that I just spend a’ my money on holidays. Eh yeah, but you cannae take it with you so [laugh] might as well get it spent. Eh I also probably spend far too much money on Amazon, I seem to just constantly be buying stuff fae Amazon, probably stuff that I dinna actually need. And my new obsession recently has been Vinted, which I dinna think is too bad ‘cause- well depends, if you think you’re saving money because you’re getting the claes for cheaper or they’re claes that you wouldnae have been buying onyway, so in which case it’s maybe costing me mair money. I’m no sure, but aye Vinted’s pretty cool and the mair stuff you buy, the mair it shows you kind of claes that you’d like to- you’d like to hae, which is a bittie dangerous. The algorithms are definitely, they’ve got me in a chokehold, I think. So yeah, I probably, I probably spend quite a bit of money on Vinted. But definitely my biggest expenditure is- is holidays and going places. Eh, I would like to try and save mair money. I bought a new car a couple of years ago and I’ve just finished paying that off, so now that I’ve got that cleared off the slate, I’ve- I think I’m going to try and start saving some money. So, I’ve looked into- I’ve put some money this month into premium bonds. I mind my grannie aieways had- she was really savvy with money- my grannie aieways had money in premium bonds. She said, “oh if you want to save money put them in premium bonds, ‘cause you dinna get a’ the interest these days, so you might as well hae them in premium bonds and then you’ve got a- a chance to win something.” So eh, that’s my plan going forward. I’m going to try and, eh, try and invest- try and invest some money in premium bonds and you never ken, maybe I’ll strike it lucky and win- win the big jackpot. Probably no, but at least it’s money that’s sitting there in savings onyway, because if it was in a bank account, I’d probably get like two pounds interest a year, so it's hardly worth it. So, fingers crossed.","I like to spend money on gambling places. I think it's probably the reason I'm never ever going to be rich. Is I just spend that my money on holidays? Yeah, but you cannot take it away, so might as well get it spent. I also probably spend far too much money on Amazon. I seem to just constantly buy stuff on Amazon, probably stuff I didn't actually need. And my new obsession recently has been Vinted, which I don't think is too bad because, well, depends. Do you think you're saving money because you're getting the clothes for cheaper, or is it clothes you've never been buying anyway? So, in which case, it's maybe costing me more money. I'm not sure, but I Vinted's pretty cool. The more stuff you buy, the more it shows you kind of clothes that you'd like to, you'd like to have, which is a bit dangerous. The algorithms are definitely, they've got me in a chokehold, I think. So yeah, I probably, I probably spend quite a bit of money on, on Vinted, but definitely my biggest expenditure is, is holidays and gambling places. I would like to try and save more money. I bought a new car a couple years ago, and I've just finished paying that off. So now that I've got that cleared off the slate, I think I'm going to try and start saving some money. So I looked into putting some money this month into premium bonds. I'm like my granny. I was, she was really savvy with money. My granny, I was in money in premium bonds. I know if you want to save money, put them in premium bonds because you don't get any interest these days. So you might as well put them in premium bonds, and then you've got a chance to win something. So that's my plan going for it. I'm going to try and, try and invest, try and invest some money in premium bonds, and you never can. Maybe I'll strike lucky and win, win the big jackpot. Probably not, but at least it's money that's sitting there in savings anyway. Because if it was in a bank, I'd probably get like two pounds interest a year, so it's hardly worth it. So fingers crossed."
11,6,J141,The thaw period usually lasts for about a week,The thaw period usually lasts for about a week.
11,7,J063,"What’s the most precious object you own? Um, I’m no overly sentimental like that. Um, if my hoose burnt doon there would be a lot of precious things that, eh, I would miss. Things like- I have paintings on the wa’ that my dad painted when he was young. I have pictures that my bairns is done. Eh, I have art fae artists here in Shetland on the wa’, so that would a’ be lost. That’s a one of one type items- cannae replace them. Uh, yeah, w- so- so I am sentimental. Um, that’s a’ precious to me- I don’t think it would be the end of the world. I wouldnae- I wouldnae lie doon on the groond and greet and mak a fuss. I would get on with things. I would replace it with new precious things. That’s probably what it is- I would- I- I dinna have one most precious thing. There's like things that Steph's gien me or the bairns has made that I- I wouldnae like to be withoot. I value having that, but I ken that life would gie me new ones if I lost them and there isnae one particular one- the most precious object that you own. No, nothing- no one thing comes to mind. Um, but yeah, things that are- that you cannae replace would be precious to me, eh, that I would be vexed if I lost. Um, but I also do think that I would get new ains.","What's the most precious object you own? I'm no hourly sentimental at that. If my hoose spun't doon, there would be a lot of precious things that I would miss. Things like I have pentons on the wire that my dad pented when he was young. I have pictures that my Benz has done I have the art to see it in Shetland on the war so that would I be lost that's a one on one type items kind of replace them yeah so I am sentimental that's precious to me I don't think I would be the end of the world I wouldn't I wouldn't lie doing on the ground and greeting Macafoss, I would get omni things. I would implicitly new precious things. That's probably what it is. I didn't have one misprecious thing. There's like things that Steph's given me or the Bairns has made that I wouldn't elect to be a thief. I value having that. But I came that life would give me new ones if I lost them. And there is no one particular one. The most precious object that you own No, nothing. No one thing comes to mind. But yeah, things that you cannot replace would be precious to me. That I would be vexed if I lost. But I also do think that I would get newings."
11,8,J124,She didn't take the train from Cathcart Station to Stepps Station,she didn't take the train from cathcart station to steppp station
11,9,J121,Please change the date and try again,Please change the date and try again.
11,10,J101,Hydrogen fluoride is a colourless gas or liquid is the principal industrial source of fluorine often as an aqueous solution called hydrofluoric acid,HYDROGEN CHLORIDE IS A COLORLESS GAS OR LIQUID IS THE PRINCIPAL INDUSTRIAL SOURCE OF FLURINE OFTEN AS AN AQUEOUS SOLUTION CALLED HYDROCHLORIC ACID
11,11,J183,"Well I’ve always said you’ve got to live within your means and that’s what I think we do, you know? Eh, we certainly watch- watch oor pennies and we watch what we’re buying and- and I think everybody’s got to do in this day and age, you know, because of the increase of different things and the rates of things. I think we’ve got to be careful with your budget and you’ve got to watch what you’re spending and what you can and what you cannae afford. Definitely, aye, eh, aye I would say that’s a- a certainty. So we do- really do watch what we’re doing with our money.","Well, I've always said you've got to live within your means. And that's what I think we do. You know, we certainly watch our pennies and watch what we're buying. And I think everybody's got to do in this day and age, you know, because of the increase of different things, the rates of things. I think we've got to be careful with your budget and you've got to watch what you're spending, what you can and what you can't afford. Definitely. I would say that's a certainty. So we did build the workshop where they made our money."
11,12,J043,"Worst technological advancement, or piece of technology I would say is these daft smartwatches or smertwatches [laugh] if you’re being funny. Smartwatches that, eh, tell you how you’ve slept, cause what a load of keech, that is a load of keech, and folk buy them and think its dead important to ken how you sleep and ken if you’re getting a good rest and a’ that well, what- what do folk do with that information after that, ken what I mean, it tells you didn’t sleep well last night, and then that reprogrammes folk’s minds and they think right well I’ve no slept well so I’ll be tired the day, rather than just seeing how they actually feel for the day. So smartwatches, load of keech","Worst technological advancement or piece of technology, I would say, is these daft smartwatches or smartwatches, if you're being funny. Smartwatches that tell you how you've slept because what a load of kek! That is a load of kek! And folk bear them and they think, oh no, it's dead important to ken how you sleep and ken if you're getting a good rest and all that. Well, what do folk do with information after that? You know what I mean? It tells you you didn't sleep well last night and then that reprograms folk's minds and they think, right, well, I have no sleep well, so I'll be tired today, rather than just seeing how they actually feel for the day. So, smartwatches, load of kek."
11,13,J039,Corduroy is in essence a ridged form of velvet,corduroy is in essence a rigid form of velvet
11,14,J109,"So I live in Dennistoun in the east end of Glasgow or northeast. Um uh it’s- it's very close to the city, ten minutes to get into the city centre, six minutes to drive to university. Um also only ten minutes to drive to the horses in Uddingston so it’s like right in the middle of everything next to the motorway. Um, what do I not like about it? Not much to be honest. I don’t- I- it’s- I c- I come fae Tollcross so it’s a wee bit of an upgrade to be honest, so yeah.",SIRLIVAN DANIS AND THE NIC AND TO GLASGOW OREST M IT'S VERY CLOSE TO THE SETY TEN MINUTES TO GET INTO THE CITY SA A SIX MINUTES TO DRIVE TO E UNIVERSIY AM ALSO ONLY TEN MINUTES TO DRIVE TO THE HORSES AND EDDINGSTON SLEEP RIGHT IN THE MOD ELEVEN AND NEXT TO THE MORWA IM WUD I NOT LIKE ABOUT IT NOT MUCH TO BE HONESTD IT'S A COMFORTABLE CROSS SOT AL BE BETTNOTED BE HONEST SIR
11,15,J001,"I think there’s a lot of damage being done on the internet in the past um years to the world and, you know, false information’s been given and people have taken it literally. They’ve not went really to the source. They just take it as face value because- and it’s quick access to get this information and it’s ruined a lot of people’s lives and reputations. Um and I think that is the sadness of how quick people can get that access.","I think there's a lot of damage been done on the internet in the past years to the world, and you know, false information's been given, and people have taken it literally. They've not been related to the source; they just take it as face value because it's quick access to get this information, and it's ruined a lot of people's lives and reputations. And I think that is the sadness of how quick people can get that access."
11,16,J091,NOTHING,bye
11,17,J093,NO IT WAS FULLY JUST TAG TAGS WE'D CALL,"No, it's fully just tag. Tag to be caught."
11,18,J120,Fare evasion is distinct from fare avoidance,Fair vision is distinct from fair-minded.
11,19,J105,"Describe where you grew up. Well, I’m spoken in a few of these aboot- the first years of my life was in a place called Whiteness and then we moved to pretty much where I still bide noo. Um, it’s a farm ca’ed Uradale just ootside of Scalloway here in Shetland. You know, it’s a kind of hidden place- you have to go doon a winding road and aroond the corner that you cannae really see and, um, it’s a farm that my father bought and it was in a terrible state when he first got it. I was maybe eleven, I think, when we moved there. And, eh, it’s awful bonnie noo. It’s- it’s, um, a place that I’m aie enjoy going to. And I have a peerie hoose there anoo, um, and I think I would like to bide there for the rest of my life. Eh, no just because of the family connections- that's where my brother bides, his wife, his bairn, my faither, my auntie, um, so there’s a lot of family that bide there and there’s a lot of memories, but it’s also- I still think if it as being incredibly bonnie- like a- a place for- to start your day, hae your coffee in the morning- it’s a bonnie place to look at. It’s quiet, um, my bairns seem to like it, eh, Steph definitely likes it. Eh, so I’ve sort of- I might come back to that place- bide on and off in different places. My grandad had a hoose there for a while. After he died, I bed in that hoose for a peerie start. Um, yeah, no, it’s- Uradale is, eh, important to me. That’s where I spent so many years atween eleven and when I gied to uni at seventeen and then I’ve come back at various points and I bide there again noo. Eh, so it’s a very important place to me.","Describe where you grew up. Well, I'm speaking in a few of these about the first years of my life was in a place called Whiteness, and then we moved to pretty much where I still bide now. It's a farm called Oradale, just outside the Skallow here in Shetland. You know, it's a kind of hidden place. You have to go down a winding road and around a corner that you cannot really see, and it's a farm that my father bought. It was in a terrible state when he first got it. I was maybe eleven, I think, when we moved there, and it's awful bony now. It's a place that I enjoy going, and I am a pretty hoose there now, and I think I would like to bide there for the rest of my life. Not just because of the family connections. That's why my brother bides, his wife has bidden, my father, my auntie. So there's a lot of family that bide there, and there's a lot of memories. But it's also I still think of it as being incredibly bony, like a place to start your day here. Coffee in the morning's a bony place to look at. It's quiet. My parents seem to like it. Steph definitely likes it. So I'm sort of I may come back to that place bide on and off. Different places. My grandad had a hoose there for a while after he died biding that hoose for a pretty start. Yeah, no, it's Oradale is important to me. That's why I spent sort of years between leaving and when I get to uni, at seventeen, and then I've come back at various points and bide there again now. So it's a very important place to me."
11,20,J057,I didn't take the train from Mosspark Station to Mt Vernon Station,I didn't take the train from Moss Park Station to Mount Vernon Station.
11,21,J116,Is France's new president a political miracle or a mirage that is already fading away,Is France's new president a political miracle or a mirage that is already fading away?
11,22,J137,Throughout the centuries people have explained the rainbow in various ways,"Throughout the centuries, people have explained the rainbow in various ways."
11,23,J055,WHAT'S THE APPEAL IN ICELAND,what's the appeal in iceland
11,24,J125,I'M SURE IT'S,I'm pretty sure it's.
11,25,J026,Cliff played with the industrial noise band Coil on several live performances as well as in the studio at various points throughout the two thousands,"Cliff played with the industrial noise band Coil on several live performances, as well as in the studio at various points throughout the 2000s."
11,26,J163,YEAH UM JUST A COUPLE OF MINUTES LEFT WHERE IS THE TOPICS,yeah and just a couple minutes left where' the topics
11,27,J060,UH HMM,Bye.
11,28,J062,THAT IS TRUE,Thank you.
11,29,J161,The powers of the appointed chair are limited so that the chair cannot adjourn a meeting at any point without the majority vote,The powers of the appointed chair are limited so that the chair cannot adjourn a meeting at any point without the majority vote.
11,30,J049,ATE WORMS,eight words.
11,31,J058,YEAH,yeah.
11,32,J145,Amos also mentions Gaiman in her songs Tear in Your Hand,"Amos also mentions Gaiman in her song, Tear in Your Hand."
11,33,J084,YEAH I GUESS THE YEAH THE NOT SO NICE CITY SMELLS THAT YOU GET,the not so nice city smells that you get.
11,34,J006,Dance your way up a mountain and don't let the icy wind knock you down,dance your way up a mountain and don't let icy winds knock you down
11,35,J171,THAT'S A BIT THAT'S QUITE CREATIVE ACTUALLY YEAH,"That's quite creative, actually. Yeah."
11,36,J111,Tourists are enjoying fresh air in our pleasure gardens all year around,Tourists are enjoying fresh air in our pleasure gardens all year round.
11,37,J086,PRIMARY SCHOOL IT WASN'T EVEN SEVEN FEET SO IT WAS VERY FUN TO GO BACK THERE THEN MESS ABOUT THEREAFTER I DID SOME UM COACHING,FARMI SCHOOL IT WASN'T EVEN SEVEN FEETS IT WAS VERY FUN TO GO BACK THERE AND THEN MESS ABOUT THEREAFTER AND ID SOME COACHING
11,38,J013,"I dinnoo really play ony muscial instruments, um, when I was younger, eh, I played piano, I had piano lessons at school fae when I was nine until when I was maybe fifteen, um, and I hated practising it, I think I would have liked it better if I had actually practised it to be fair, um and I also played bass guitar, which I learned at home, um, I would love to still be able to play bass noo, I think I could tak it up again, but, um, it would be a bit of work, and I’m- I’m no really done that.","I didn't really play any musical instruments. When I was younger, I played piano. I had piano lessons at school when I was nine until I was maybe fifteen, and I hated practicing it. I think I would have liked it better if I had actually practiced it, to be fair. And I also played bass guitar, which I learned at home. I would love to still be able to play bass now. I think I could take it up again, but it would be a bit of work and I'm not really doing that."
11,39,J080,Moos is the former curator of modern and contemporary art at the art gallery of ontario,moose is the former curator of modern and contemporary art at the art gallery of ontario
11,40,J196,HONESTLY EVEN NOW I CAN'T DESCRIBE IT,"Honestly, even though I can't describe it."
